<?xml version="1.0" encoding="UTF-8"?>
<CustomField xmlns="http://soap.sforce.com/2006/04/metadata">
    <fullName>BoatType__c</fullName>
    <deleteConstraint>SetNull</deleteConstraint>
    <deprecated>false</deprecated>
    <externalId>false</externalId>
    <label>Boat Type</label>
    <referenceTo>BoatType__c</referenceTo>
    <relationshipLabel>Boats</relationshipLabel>
    <relationshipName>Boats</relationshipName>
    <required>false</required>
    <trackTrending>false</trackTrending>
    <type>Lookup</type>
</CustomField>
