<?xml version="1.0" encoding="UTF-8"?>
<CustomApplication xmlns="http://soap.sforce.com/2006/04/metadata">
    <formFactors>Small</formFactors>
    <formFactors>Medium</formFactors>
    <formFactors>Large</formFactors>
    <isNavAutoTempTabsDisabled>false</isNavAutoTempTabsDisabled>
    <isNavPersonalizationDisabled>false</isNavPersonalizationDisabled>
    <isNavTabPersistenceDisabled>false</isNavTabPersistenceDisabled>
    <label>Sales</label>
    <navType>Standard</navType>
    <tabs>standard-home</tabs>
    <tabs>standard-Opportunity</tabs>
    <tabs>standard-Lead</tabs>
    <tabs>Boat__c</tabs>
    <tabs>standard-Account</tabs>
    <tabs>standard-Task</tabs>
    <tabs>standard-Contact</tabs>
    <tabs>standard-Case</tabs>
    <tabs>standard-Forecasting3</tabs>
    <uiType>Lightning</uiType>
</CustomApplication>
